Datetime,Predicted_MW
2018-08-03 01:00:00,5104.96728515625
2018-08-03 02:00:00,4831.8818359375
2018-08-03 03:00:00,4639.03369140625
2018-08-03 04:00:00,4552.353515625
2018-08-03 05:00:00,4561.71875
2018-08-03 06:00:00,4750.90283203125
2018-08-03 07:00:00,5085.23046875
2018-08-03 08:00:00,5337.22021484375
2018-08-03 09:00:00,5572.12890625
2018-08-03 10:00:00,5799.63134765625
2018-08-03 11:00:00,6066.3330078125
2018-08-03 12:00:00,6271.28173828125
2018-08-03 13:00:00,6435.67724609375
2018-08-03 14:00:00,6581.36865234375
2018-08-03 15:00:00,6694.8388671875
2018-08-03 16:00:00,6787.41455078125
2018-08-03 17:00:00,6841.4990234375
2018-08-03 18:00:00,6824.96484375
2018-08-03 19:00:00,6651.38525390625
2018-08-03 20:00:00,6460.34375
2018-08-03 21:00:00,6319.37841796875
2018-08-03 22:00:00,6087.31591796875
2018-08-03 23:00:00,5662.3291015625
2018-08-04 00:00:00,5192.49560546875
2018-08-04 01:00:00,4802.634765625
2018-08-04 02:00:00,4549.53955078125
2018-08-04 03:00:00,4359.66259765625
2018-08-04 04:00:00,4227.81103515625
2018-08-04 05:00:00,4188.50048828125
2018-08-04 06:00:00,4241.017578125
2018-08-04 07:00:00,4318.3056640625
2018-08-04 08:00:00,4533.28857421875
2018-08-04 09:00:00,4856.240234375
2018-08-04 10:00:00,5216.66650390625
2018-08-04 11:00:00,5504.9423828125
2018-08-04 12:00:00,5758.07275390625
2018-08-04 13:00:00,5963.6962890625
2018-08-04 14:00:00,6124.89697265625
2018-08-04 15:00:00,6210.00537109375
2018-08-04 16:00:00,6278.39208984375
2018-08-04 17:00:00,6318.38916015625
2018-08-04 18:00:00,6290.921875
2018-08-04 19:00:00,6126.57666015625
2018-08-04 20:00:00,5945.421875
2018-08-04 21:00:00,5828.05810546875
2018-08-04 22:00:00,5688.60888671875
2018-08-04 23:00:00,5316.37646484375
2018-08-05 00:00:00,4900.1259765625
2018-08-05 01:00:00,4547.44775390625
2018-08-05 02:00:00,4283.77001953125
2018-08-05 03:00:00,4115.087890625
2018-08-05 04:00:00,4009.9140625
2018-08-05 05:00:00,3951.97705078125
2018-08-05 06:00:00,3949.099365234375
2018-08-05 07:00:00,3968.384521484375
2018-08-05 08:00:00,4109.576171875
2018-08-05 09:00:00,4450.76806640625
2018-08-05 10:00:00,4815.80859375
2018-08-05 11:00:00,5119.17626953125
2018-08-05 12:00:00,5412.86669921875
2018-08-05 13:00:00,5634.86865234375
2018-08-05 14:00:00,5785.29345703125
2018-08-05 15:00:00,5924.4580078125
2018-08-05 16:00:00,6059.75
2018-08-05 17:00:00,6194.14404296875
2018-08-05 18:00:00,6266.10009765625
2018-08-05 19:00:00,6155.67236328125
2018-08-05 20:00:00,6001.8466796875
2018-08-05 21:00:00,5940.66650390625
2018-08-05 22:00:00,5802.5966796875
2018-08-05 23:00:00,5412.87744140625
2018-08-06 00:00:00,4990.6552734375
2018-08-06 01:00:00,4647.64990234375
2018-08-06 02:00:00,4439.76708984375
2018-08-06 03:00:00,4300.0224609375
2018-08-06 04:00:00,4209.65625
2018-08-06 05:00:00,4231.3349609375
2018-08-06 06:00:00,4423.9755859375
2018-08-06 07:00:00,4741.67138671875
2018-08-06 08:00:00,5012.8359375
2018-08-06 09:00:00,5284.79345703125
2018-08-06 10:00:00,5610.98388671875
2018-08-06 11:00:00,5971.47509765625
2018-08-06 12:00:00,6261.62255859375
2018-08-06 13:00:00,6497.27490234375
2018-08-06 14:00:00,6730.04833984375
2018-08-06 15:00:00,6889.25927734375
2018-08-06 16:00:00,6990.96875
2018-08-06 17:00:00,7084.5126953125
2018-08-06 18:00:00,7105.1337890625
2018-08-06 19:00:00,6988.91845703125
2018-08-06 20:00:00,6758.55517578125
2018-08-06 21:00:00,6633.19677734375
2018-08-06 22:00:00,6392.6904296875
2018-08-06 23:00:00,5860.482421875
2018-08-07 00:00:00,5342.1494140625
2018-08-07 01:00:00,4949.49365234375
2018-08-07 02:00:00,4695.52978515625
2018-08-07 03:00:00,4557.0673828125
2018-08-07 04:00:00,4477.7763671875
2018-08-07 05:00:00,4485.20263671875
2018-08-07 06:00:00,4674.287109375
2018-08-07 07:00:00,4995.8076171875
2018-08-07 08:00:00,5261.4697265625
2018-08-07 09:00:00,5500.4521484375
2018-08-07 10:00:00,5772.77001953125
2018-08-07 11:00:00,6101.64599609375
2018-08-07 12:00:00,6411.6513671875
2018-08-07 13:00:00,6669.88134765625
2018-08-07 14:00:00,6935.3271484375
2018-08-07 15:00:00,7093.451171875
2018-08-07 16:00:00,7198.05029296875
2018-08-07 17:00:00,7250.28271484375
2018-08-07 18:00:00,7247.5712890625
2018-08-07 19:00:00,7120.111328125
2018-08-07 20:00:00,6901.5478515625
2018-08-07 21:00:00,6776.4775390625
2018-08-07 22:00:00,6549.7734375
2018-08-07 23:00:00,6028.3134765625
2018-08-08 00:00:00,5519.9931640625
2018-08-08 01:00:00,5089.00244140625
2018-08-08 02:00:00,4809.22314453125
2018-08-08 03:00:00,4618.7763671875
2018-08-08 04:00:00,4520.43701171875
2018-08-08 05:00:00,4532.39501953125
2018-08-08 06:00:00,4732.03076171875
2018-08-08 07:00:00,5086.73095703125
2018-08-08 08:00:00,5349.994140625
2018-08-08 09:00:00,5607.68701171875
2018-08-08 10:00:00,5883.560546875
2018-08-08 11:00:00,6176.5966796875
2018-08-08 12:00:00,6431.48046875
2018-08-08 13:00:00,6663.91015625
2018-08-08 14:00:00,6869.41455078125
2018-08-08 15:00:00,6990.9541015625
2018-08-08 16:00:00,7089.4990234375
2018-08-08 17:00:00,7168.943359375
2018-08-08 18:00:00,7183.2958984375
2018-08-08 19:00:00,7059.6923828125
2018-08-08 20:00:00,6841.763671875
2018-08-08 21:00:00,6738.25634765625
2018-08-08 22:00:00,6504.31982421875
2018-08-08 23:00:00,5975.935546875
2018-08-09 00:00:00,5448.103515625
2018-08-09 01:00:00,5047.455078125
2018-08-09 02:00:00,4765.94970703125
2018-08-09 03:00:00,4594.89453125
2018-08-09 04:00:00,4486.267578125
2018-08-09 05:00:00,4476.74755859375
2018-08-09 06:00:00,4637.5390625
2018-08-09 07:00:00,4968.2841796875
2018-08-09 08:00:00,5241.98095703125
2018-08-09 09:00:00,5504.556640625
2018-08-09 10:00:00,5802.81298828125
2018-08-09 11:00:00,6110.3662109375
2018-08-09 12:00:00,6392.5556640625
2018-08-09 13:00:00,6603.38623046875
2018-08-09 14:00:00,6815.36865234375
2018-08-09 15:00:00,6972.23779296875
2018-08-09 16:00:00,7094.09716796875
2018-08-09 17:00:00,7171.9794921875
2018-08-09 18:00:00,7181.43408203125
2018-08-09 19:00:00,7057.33642578125
2018-08-09 20:00:00,6846.255859375
2018-08-09 21:00:00,6727.509765625
2018-08-09 22:00:00,6507.2265625
2018-08-09 23:00:00,5977.98388671875
2018-08-10 00:00:00,5449.6708984375
2018-08-10 01:00:00,5041.76171875
2018-08-10 02:00:00,4760.1318359375
2018-08-10 03:00:00,4584.4833984375
2018-08-10 04:00:00,4478.81201171875
2018-08-10 05:00:00,4473.06787109375
2018-08-10 06:00:00,4614.49951171875
2018-08-10 07:00:00,4906.42724609375
2018-08-10 08:00:00,5157.115234375
2018-08-10 09:00:00,5410.14892578125
2018-08-10 10:00:00,5698.328125
2018-08-10 11:00:00,5986.212890625
2018-08-10 12:00:00,6260.74853515625
2018-08-10 13:00:00,6439.27001953125
2018-08-10 14:00:00,6616.31982421875
2018-08-10 15:00:00,6738.05517578125
2018-08-10 16:00:00,6816.9716796875
2018-08-10 17:00:00,6858.7216796875
2018-08-10 18:00:00,6795.76513671875
2018-08-10 19:00:00,6609.32177734375
2018-08-10 20:00:00,6383.4638671875
2018-08-10 21:00:00,6243.21142578125
2018-08-10 22:00:00,6034.806640625
2018-08-10 23:00:00,5620.74853515625
2018-08-11 00:00:00,5155.92236328125
2018-08-11 01:00:00,4781.29736328125
2018-08-11 02:00:00,4514.96875
2018-08-11 03:00:00,4345.73291015625
2018-08-11 04:00:00,4229.0810546875
2018-08-11 05:00:00,4205.9990234375
2018-08-11 06:00:00,4238.5791015625
2018-08-11 07:00:00,4285.78125
2018-08-11 08:00:00,4445.76953125
2018-08-11 09:00:00,4759.66748046875
2018-08-11 10:00:00,5083.67041015625
2018-08-11 11:00:00,5367.32275390625
2018-08-11 12:00:00,5598.94189453125
2018-08-11 13:00:00,5774.71728515625
2018-08-11 14:00:00,5887.7861328125
2018-08-11 15:00:00,5941.60888671875
2018-08-11 16:00:00,5984.1962890625
2018-08-11 17:00:00,6024.0126953125
2018-08-11 18:00:00,6011.81689453125
2018-08-11 19:00:00,5897.8759765625
2018-08-11 20:00:00,5728.76416015625
2018-08-11 21:00:00,5646.3583984375
2018-08-11 22:00:00,5510.75732421875
2018-08-11 23:00:00,5170.00146484375
2018-08-12 00:00:00,4766.89404296875
2018-08-12 01:00:00,4419.1630859375
2018-08-12 02:00:00,4181.400390625
2018-08-12 03:00:00,4031.58642578125
2018-08-12 04:00:00,3932.206787109375
2018-08-12 05:00:00,3902.17626953125
2018-08-12 06:00:00,3933.111572265625
2018-08-12 07:00:00,3985.086181640625
2018-08-12 08:00:00,4115.92919921875
2018-08-12 09:00:00,4407.58349609375
2018-08-12 10:00:00,4738.3916015625
2018-08-12 11:00:00,5020.15283203125
2018-08-12 12:00:00,5238.75439453125
2018-08-12 13:00:00,5407.625
2018-08-12 14:00:00,5524.7373046875
2018-08-12 15:00:00,5620.65234375
2018-08-12 16:00:00,5735.392578125
2018-08-12 17:00:00,5867.5712890625
2018-08-12 18:00:00,5941.0654296875
2018-08-12 19:00:00,5868.3515625
2018-08-12 20:00:00,5742.6767578125
2018-08-12 21:00:00,5680.15869140625
2018-08-12 22:00:00,5527.720703125
2018-08-12 23:00:00,5160.9306640625
2018-08-13 00:00:00,4788.69189453125
2018-08-13 01:00:00,4456.58447265625
2018-08-13 02:00:00,4246.27294921875
2018-08-13 03:00:00,4102.60791015625
2018-08-13 04:00:00,4045.700439453125
2018-08-13 05:00:00,4070.9501953125
2018-08-13 06:00:00,4263.4462890625
2018-08-13 07:00:00,4563.58544921875
2018-08-13 08:00:00,4831.64404296875
2018-08-13 09:00:00,5089.73974609375
2018-08-13 10:00:00,5348.79736328125
2018-08-13 11:00:00,5623.38134765625
2018-08-13 12:00:00,5847.1220703125
2018-08-13 13:00:00,6021.33837890625
2018-08-13 14:00:00,6176.8505859375
2018-08-13 15:00:00,6274.73486328125
2018-08-13 16:00:00,6350.45703125
2018-08-13 17:00:00,6451.5595703125
2018-08-13 18:00:00,6492.390625
2018-08-13 19:00:00,6369.68115234375
2018-08-13 20:00:00,6224.353515625
2018-08-13 21:00:00,6156.501953125
2018-08-13 22:00:00,5921.91064453125
2018-08-13 23:00:00,5434.81689453125
2018-08-14 00:00:00,4963.119140625
2018-08-14 01:00:00,4635.05029296875
2018-08-14 02:00:00,4410.52587890625
2018-08-14 03:00:00,4268.89453125
2018-08-14 04:00:00,4194.0810546875
2018-08-14 05:00:00,4214.25439453125
2018-08-14 06:00:00,4405.7255859375
2018-08-14 07:00:00,4718.10888671875
2018-08-14 08:00:00,4974.021484375
2018-08-14 09:00:00,5210.380859375
2018-08-14 10:00:00,5441.53173828125
2018-08-14 11:00:00,5683.42138671875
2018-08-14 12:00:00,5892.82080078125
2018-08-14 13:00:00,6094.01220703125
2018-08-14 14:00:00,6279.640625
2018-08-14 15:00:00,6437.18701171875
2018-08-14 16:00:00,6551.26953125
2018-08-14 17:00:00,6672.9287109375
2018-08-14 18:00:00,6734.42724609375
2018-08-14 19:00:00,6673.6845703125
2018-08-14 20:00:00,6496.0400390625
2018-08-14 21:00:00,6394.57958984375
2018-08-14 22:00:00,6190.2177734375
2018-08-14 23:00:00,5676.20361328125
2018-08-15 00:00:00,5189.58349609375
2018-08-15 01:00:00,4799.11767578125
2018-08-15 02:00:00,4564.7529296875
2018-08-15 03:00:00,4410.21728515625
2018-08-15 04:00:00,4313.0849609375
2018-08-15 05:00:00,4335.98291015625
2018-08-15 06:00:00,4492.6484375
2018-08-15 07:00:00,4810.2734375
2018-08-15 08:00:00,5070.875
2018-08-15 09:00:00,5278.8427734375
2018-08-15 10:00:00,5530.4072265625
2018-08-15 11:00:00,5811.4580078125
2018-08-15 12:00:00,6046.75830078125
2018-08-15 13:00:00,6268.4501953125
2018-08-15 14:00:00,6488.689453125
2018-08-15 15:00:00,6627.962890625
2018-08-15 16:00:00,6754.1396484375
2018-08-15 17:00:00,6864.6728515625
2018-08-15 18:00:00,6886.8232421875
2018-08-15 19:00:00,6779.0986328125
2018-08-15 20:00:00,6605.3564453125
2018-08-15 21:00:00,6477.77587890625
2018-08-15 22:00:00,6273.1201171875
2018-08-15 23:00:00,5765.9423828125
2018-08-16 00:00:00,5274.17578125
2018-08-16 01:00:00,4882.16943359375
2018-08-16 02:00:00,4616.59765625
2018-08-16 03:00:00,4464.26318359375
2018-08-16 04:00:00,4377.4931640625
2018-08-16 05:00:00,4396.01171875
2018-08-16 06:00:00,4542.9716796875
2018-08-16 07:00:00,4867.0
2018-08-16 08:00:00,5133.7275390625
2018-08-16 09:00:00,5361.52734375
2018-08-16 10:00:00,5637.08154296875
2018-08-16 11:00:00,5900.4873046875
2018-08-16 12:00:00,6137.26806640625
2018-08-16 13:00:00,6340.12890625
2018-08-16 14:00:00,6555.97607421875
2018-08-16 15:00:00,6717.77099609375
2018-08-16 16:00:00,6863.2900390625
2018-08-16 17:00:00,6979.22998046875
2018-08-16 18:00:00,7015.9384765625
2018-08-16 19:00:00,6886.20068359375
2018-08-16 20:00:00,6686.20458984375
2018-08-16 21:00:00,6550.42138671875
2018-08-16 22:00:00,6318.591796875
2018-08-16 23:00:00,5810.515625
2018-08-17 00:00:00,5304.650390625
2018-08-17 01:00:00,4919.26220703125
2018-08-17 02:00:00,4652.11767578125
2018-08-17 03:00:00,4483.5771484375
2018-08-17 04:00:00,4387.93603515625
2018-08-17 05:00:00,4395.908203125
2018-08-17 06:00:00,4533.50927734375
2018-08-17 07:00:00,4823.21142578125
2018-08-17 08:00:00,5073.73388671875
2018-08-17 09:00:00,5306.169921875
2018-08-17 10:00:00,5577.7109375
2018-08-17 11:00:00,5877.15576171875
2018-08-17 12:00:00,6112.45703125
2018-08-17 13:00:00,6308.03076171875
2018-08-17 14:00:00,6517.80126953125
2018-08-17 15:00:00,6653.37158203125
2018-08-17 16:00:00,6787.11767578125
2018-08-17 17:00:00,6872.78857421875
2018-08-17 18:00:00,6829.6982421875
2018-08-17 19:00:00,6632.76318359375
2018-08-17 20:00:00,6400.52099609375
2018-08-17 21:00:00,6291.28076171875
2018-08-17 22:00:00,6054.37353515625
2018-08-17 23:00:00,5617.56689453125
2018-08-18 00:00:00,5148.39501953125
2018-08-18 01:00:00,4759.140625
2018-08-18 02:00:00,4485.71630859375
2018-08-18 03:00:00,4301.83642578125
2018-08-18 04:00:00,4184.84130859375
2018-08-18 05:00:00,4139.02880859375
2018-08-18 06:00:00,4166.91552734375
2018-08-18 07:00:00,4231.19140625
2018-08-18 08:00:00,4394.67333984375
2018-08-18 09:00:00,4732.322265625
2018-08-18 10:00:00,5075.8916015625
2018-08-18 11:00:00,5361.853515625
2018-08-18 12:00:00,5607.0
2018-08-18 13:00:00,5815.87158203125
2018-08-18 14:00:00,5981.068359375
2018-08-18 15:00:00,6088.18701171875
2018-08-18 16:00:00,6158.67529296875
2018-08-18 17:00:00,6214.8427734375
2018-08-18 18:00:00,6187.83056640625
2018-08-18 19:00:00,6029.0537109375
2018-08-18 20:00:00,5844.0
2018-08-18 21:00:00,5729.11767578125
2018-08-18 22:00:00,5570.09423828125
2018-08-18 23:00:00,5215.97314453125
2018-08-19 00:00:00,4805.830078125
2018-08-19 01:00:00,4460.783203125
2018-08-19 02:00:00,4213.93408203125
2018-08-19 03:00:00,4058.65478515625
2018-08-19 04:00:00,3945.580810546875
2018-08-19 05:00:00,3908.289794921875
2018-08-19 06:00:00,3929.529296875
2018-08-19 07:00:00,3947.563232421875
2018-08-19 08:00:00,4093.731689453125
2018-08-19 09:00:00,4415.8759765625
2018-08-19 10:00:00,4771.74951171875
2018-08-19 11:00:00,5084.7529296875
2018-08-19 12:00:00,5372.21826171875
2018-08-19 13:00:00,5577.17529296875
2018-08-19 14:00:00,5748.11767578125
2018-08-19 15:00:00,5888.21240234375
2018-08-19 16:00:00,6028.1796875
2018-08-19 17:00:00,6181.29296875
2018-08-19 18:00:00,6271.359375
2018-08-19 19:00:00,6186.84423828125
2018-08-19 20:00:00,6034.1484375
2018-08-19 21:00:00,5968.255859375
2018-08-19 22:00:00,5785.96533203125
2018-08-19 23:00:00,5367.9013671875
2018-08-20 00:00:00,4938.2783203125
2018-08-20 01:00:00,4601.5087890625
2018-08-20 02:00:00,4404.91845703125
2018-08-20 03:00:00,4272.4501953125
2018-08-20 04:00:00,4214.919921875
2018-08-20 05:00:00,4239.15283203125
2018-08-20 06:00:00,4390.06884765625
2018-08-20 07:00:00,4674.0068359375
2018-08-20 08:00:00,4972.55810546875
2018-08-20 09:00:00,5258.12939453125
2018-08-20 10:00:00,5554.06591796875
2018-08-20 11:00:00,5893.65478515625
2018-08-20 12:00:00,6192.91748046875
2018-08-20 13:00:00,6415.24658203125
2018-08-20 14:00:00,6625.54345703125
2018-08-20 15:00:00,6767.17724609375
2018-08-20 16:00:00,6860.64501953125
2018-08-20 17:00:00,6959.8896484375
2018-08-20 18:00:00,6970.767578125
2018-08-20 19:00:00,6857.08544921875
2018-08-20 20:00:00,6652.03076171875
2018-08-20 21:00:00,6547.576171875
2018-08-20 22:00:00,6264.365234375
2018-08-20 23:00:00,5764.86181640625
2018-08-21 00:00:00,5266.7431640625
2018-08-21 01:00:00,4871.3916015625
2018-08-21 02:00:00,4608.6787109375
2018-08-21 03:00:00,4448.435546875
2018-08-21 04:00:00,4384.5927734375
2018-08-21 05:00:00,4420.4267578125
2018-08-21 06:00:00,4600.89599609375
2018-08-21 07:00:00,4938.26904296875
2018-08-21 08:00:00,5208.7578125
2018-08-21 09:00:00,5433.74609375
2018-08-21 10:00:00,5691.02880859375
2018-08-21 11:00:00,5992.97119140625
2018-08-21 12:00:00,6261.103515625
2018-08-21 13:00:00,6465.3662109375
2018-08-21 14:00:00,6679.560546875
2018-08-21 15:00:00,6843.46240234375
2018-08-21 16:00:00,6983.7333984375
2018-08-21 17:00:00,7078.814453125
2018-08-21 18:00:00,7100.724609375
2018-08-21 19:00:00,6955.0048828125
2018-08-21 20:00:00,6740.17822265625
2018-08-21 21:00:00,6628.46728515625
2018-08-21 22:00:00,6332.9541015625
2018-08-21 23:00:00,5820.580078125
2018-08-22 00:00:00,5314.5947265625
2018-08-22 01:00:00,4911.37158203125
2018-08-22 02:00:00,4644.27294921875
2018-08-22 03:00:00,4486.9365234375
2018-08-22 04:00:00,4398.732421875
2018-08-22 05:00:00,4426.697265625
2018-08-22 06:00:00,4598.66943359375
2018-08-22 07:00:00,4913.7734375
2018-08-22 08:00:00,5183.70556640625
2018-08-22 09:00:00,5430.17138671875
2018-08-22 10:00:00,5723.92919921875
2018-08-22 11:00:00,6074.8974609375
2018-08-22 12:00:00,6365.15185546875
2018-08-22 13:00:00,6575.095703125
2018-08-22 14:00:00,6792.6787109375
2018-08-22 15:00:00,6959.0634765625
2018-08-22 16:00:00,7077.81396484375
2018-08-22 17:00:00,7204.35693359375
2018-08-22 18:00:00,7229.39990234375
2018-08-22 19:00:00,7087.39306640625
2018-08-22 20:00:00,6858.73876953125
2018-08-22 21:00:00,6749.3642578125
2018-08-22 22:00:00,6470.64453125
2018-08-22 23:00:00,5912.09619140625
2018-08-23 00:00:00,5379.384765625
2018-08-23 01:00:00,4994.54150390625
2018-08-23 02:00:00,4716.40966796875
2018-08-23 03:00:00,4559.70263671875
2018-08-23 04:00:00,4465.43798828125
2018-08-23 05:00:00,4474.69677734375
2018-08-23 06:00:00,4642.009765625
2018-08-23 07:00:00,4990.16650390625
2018-08-23 08:00:00,5256.83544921875
2018-08-23 09:00:00,5528.572265625
2018-08-23 10:00:00,5809.96240234375
2018-08-23 11:00:00,6118.7568359375
2018-08-23 12:00:00,6426.97509765625
2018-08-23 13:00:00,6649.9521484375
2018-08-23 14:00:00,6842.8447265625
2018-08-23 15:00:00,6980.1005859375
2018-08-23 16:00:00,7094.69384765625
2018-08-23 17:00:00,7173.76611328125
2018-08-23 18:00:00,7178.0810546875
2018-08-23 19:00:00,7055.69970703125
2018-08-23 20:00:00,6846.0830078125
2018-08-23 21:00:00,6733.35498046875
2018-08-23 22:00:00,6462.6806640625
2018-08-23 23:00:00,5912.71728515625
2018-08-24 00:00:00,5386.19921875
2018-08-24 01:00:00,4982.92529296875
2018-08-24 02:00:00,4707.52685546875
2018-08-24 03:00:00,4541.5537109375
2018-08-24 04:00:00,4451.38427734375
2018-08-24 05:00:00,4469.28515625
2018-08-24 06:00:00,4635.1083984375
2018-08-24 07:00:00,4941.1005859375
2018-08-24 08:00:00,5195.90234375
2018-08-24 09:00:00,5448.3642578125
2018-08-24 10:00:00,5730.17919921875
2018-08-24 11:00:00,6046.609375
2018-08-24 12:00:00,6326.56591796875
2018-08-24 13:00:00,6525.76904296875
2018-08-24 14:00:00,6697.4599609375
2018-08-24 15:00:00,6823.0224609375
2018-08-24 16:00:00,6908.6728515625
2018-08-24 17:00:00,6946.5185546875
2018-08-24 18:00:00,6858.63818359375
2018-08-24 19:00:00,6672.69189453125
2018-08-24 20:00:00,6459.1240234375
2018-08-24 21:00:00,6308.33056640625
2018-08-24 22:00:00,6043.046875
2018-08-24 23:00:00,5615.0458984375
2018-08-25 00:00:00,5148.13623046875
2018-08-25 01:00:00,4751.65380859375
2018-08-25 02:00:00,4488.8583984375
2018-08-25 03:00:00,4297.0537109375
2018-08-25 04:00:00,4187.11669921875
2018-08-25 05:00:00,4142.38134765625
2018-08-25 06:00:00,4188.060546875
2018-08-25 07:00:00,4247.31298828125
2018-08-25 08:00:00,4393.8056640625
2018-08-25 09:00:00,4723.15625
2018-08-25 10:00:00,5084.24609375
2018-08-25 11:00:00,5397.15576171875
2018-08-25 12:00:00,5655.875
2018-08-25 13:00:00,5852.84716796875
2018-08-25 14:00:00,5974.27197265625
2018-08-25 15:00:00,6067.5849609375
2018-08-25 16:00:00,6137.3828125
2018-08-25 17:00:00,6201.2998046875
2018-08-25 18:00:00,6180.51025390625
2018-08-25 19:00:00,6040.86767578125
2018-08-25 20:00:00,5853.8515625
2018-08-25 21:00:00,5739.29296875
2018-08-25 22:00:00,5540.25146484375
2018-08-25 23:00:00,5175.21875
2018-08-26 00:00:00,4756.25
2018-08-26 01:00:00,4406.80859375
2018-08-26 02:00:00,4158.59619140625
2018-08-26 03:00:00,4001.428955078125
2018-08-26 04:00:00,3903.847900390625
2018-08-26 05:00:00,3881.7978515625
2018-08-26 06:00:00,3890.470703125
2018-08-26 07:00:00,3906.87158203125
2018-08-26 08:00:00,4055.642578125
2018-08-26 09:00:00,4349.947265625
2018-08-26 10:00:00,4694.900390625
2018-08-26 11:00:00,4969.3310546875
2018-08-26 12:00:00,5231.990234375
2018-08-26 13:00:00,5467.09765625
2018-08-26 14:00:00,5673.69677734375
2018-08-26 15:00:00,5820.390625
2018-08-26 16:00:00,5976.54833984375
2018-08-26 17:00:00,6162.5390625
2018-08-26 18:00:00,6249.4375
2018-08-26 19:00:00,6119.1279296875
2018-08-26 20:00:00,5939.3447265625
2018-08-26 21:00:00,5853.29443359375
2018-08-26 22:00:00,5639.2412109375
2018-08-26 23:00:00,5197.94287109375
2018-08-27 00:00:00,4813.892578125
2018-08-27 01:00:00,4490.763671875
2018-08-27 02:00:00,4270.90087890625
2018-08-27 03:00:00,4129.943359375
2018-08-27 04:00:00,4075.74169921875
2018-08-27 05:00:00,4093.61865234375
2018-08-27 06:00:00,4291.0634765625
2018-08-27 07:00:00,4608.287109375
2018-08-27 08:00:00,4880.876953125
2018-08-27 09:00:00,5170.06298828125
2018-08-27 10:00:00,5447.3720703125
2018-08-27 11:00:00,5710.294921875
2018-08-27 12:00:00,5965.15478515625
2018-08-27 13:00:00,6191.2490234375
2018-08-27 14:00:00,6371.873046875
2018-08-27 15:00:00,6520.69873046875
2018-08-27 16:00:00,6656.55712890625
2018-08-27 17:00:00,6789.8955078125
2018-08-27 18:00:00,6825.126953125
2018-08-27 19:00:00,6713.26123046875
2018-08-27 20:00:00,6544.66650390625
2018-08-27 21:00:00,6444.5869140625
2018-08-27 22:00:00,6149.1455078125
2018-08-27 23:00:00,5646.9384765625
2018-08-28 00:00:00,5160.966796875
2018-08-28 01:00:00,4790.666015625
2018-08-28 02:00:00,4544.01513671875
2018-08-28 03:00:00,4410.2236328125
2018-08-28 04:00:00,4320.7099609375
2018-08-28 05:00:00,4340.4716796875
2018-08-28 06:00:00,4503.6064453125
2018-08-28 07:00:00,4802.4013671875
2018-08-28 08:00:00,5061.77587890625
2018-08-28 09:00:00,5275.732421875
2018-08-28 10:00:00,5542.205078125
2018-08-28 11:00:00,5833.64111328125
2018-08-28 12:00:00,6081.41748046875
2018-08-28 13:00:00,6287.69140625
2018-08-28 14:00:00,6471.857421875
2018-08-28 15:00:00,6590.7880859375
2018-08-28 16:00:00,6698.9013671875
2018-08-28 17:00:00,6778.11962890625
2018-08-28 18:00:00,6785.5732421875
2018-08-28 19:00:00,6651.9873046875
2018-08-28 20:00:00,6490.37255859375
2018-08-28 21:00:00,6385.30126953125
2018-08-28 22:00:00,6127.02294921875
2018-08-28 23:00:00,5612.7724609375
2018-08-29 00:00:00,5126.095703125
2018-08-29 01:00:00,4748.3076171875
2018-08-29 02:00:00,4512.13818359375
2018-08-29 03:00:00,4383.13671875
2018-08-29 04:00:00,4309.0556640625
2018-08-29 05:00:00,4330.5634765625
2018-08-29 06:00:00,4493.873046875
2018-08-29 07:00:00,4821.0654296875
2018-08-29 08:00:00,5078.9697265625
2018-08-29 09:00:00,5281.10400390625
2018-08-29 10:00:00,5527.68896484375
2018-08-29 11:00:00,5810.13818359375
2018-08-29 12:00:00,6038.740234375
2018-08-29 13:00:00,6267.00390625
2018-08-29 14:00:00,6474.39208984375
2018-08-29 15:00:00,6605.486328125
2018-08-29 16:00:00,6717.81982421875
2018-08-29 17:00:00,6815.90771484375
2018-08-29 18:00:00,6835.10546875
2018-08-29 19:00:00,6721.7958984375
2018-08-29 20:00:00,6532.42822265625
2018-08-29 21:00:00,6420.17724609375
2018-08-29 22:00:00,6163.1591796875
2018-08-29 23:00:00,5652.3232421875
2018-08-30 00:00:00,5151.74658203125
2018-08-30 01:00:00,4773.67578125
2018-08-30 02:00:00,4528.39990234375
2018-08-30 03:00:00,4388.5810546875
2018-08-30 04:00:00,4307.021484375
2018-08-30 05:00:00,4329.0966796875
2018-08-30 06:00:00,4498.7138671875
2018-08-30 07:00:00,4848.8837890625
2018-08-30 08:00:00,5117.91845703125
2018-08-30 09:00:00,5321.86962890625
2018-08-30 10:00:00,5558.93310546875
2018-08-30 11:00:00,5854.04638671875
2018-08-30 12:00:00,6124.419921875
2018-08-30 13:00:00,6351.59326171875
2018-08-30 14:00:00,6543.38134765625
2018-08-30 15:00:00,6674.755859375
2018-08-30 16:00:00,6803.34765625
2018-08-30 17:00:00,6919.259765625
2018-08-30 18:00:00,6925.28076171875
2018-08-30 19:00:00,6820.89013671875
2018-08-30 20:00:00,6609.1708984375
2018-08-30 21:00:00,6490.58251953125
2018-08-30 22:00:00,6217.6025390625
2018-08-30 23:00:00,5710.36572265625
2018-08-31 00:00:00,5209.9833984375
2018-08-31 01:00:00,4830.7216796875
2018-08-31 02:00:00,4566.72265625
2018-08-31 03:00:00,4399.59521484375
2018-08-31 04:00:00,4307.33203125
2018-08-31 05:00:00,4315.91259765625
2018-08-31 06:00:00,4470.134765625
2018-08-31 07:00:00,4755.9609375
2018-08-31 08:00:00,5014.3642578125
2018-08-31 09:00:00,5239.58740234375
2018-08-31 10:00:00,5506.67236328125
2018-08-31 11:00:00,5811.935546875
2018-08-31 12:00:00,6059.4658203125
2018-08-31 13:00:00,6266.0478515625
2018-08-31 14:00:00,6456.12451171875
2018-08-31 15:00:00,6580.55224609375
2018-08-31 16:00:00,6684.31640625
2018-08-31 17:00:00,6726.06201171875
2018-08-31 18:00:00,6697.55322265625
2018-08-31 19:00:00,6520.0498046875
2018-08-31 20:00:00,6300.65625
2018-08-31 21:00:00,6163.80517578125
2018-08-31 22:00:00,5881.48291015625
2018-08-31 23:00:00,5431.818359375
2018-09-01 00:00:00,4957.703125
2018-09-01 01:00:00,4608.10595703125
2018-09-01 02:00:00,4343.01611328125
2018-09-01 03:00:00,4167.22412109375
2018-09-01 04:00:00,4046.765869140625
2018-09-01 05:00:00,4001.900390625
2018-09-01 06:00:00,4032.099365234375
2018-09-01 07:00:00,4117.81494140625
2018-09-01 08:00:00,4261.46337890625
2018-09-01 09:00:00,4573.6044921875
2018-09-01 10:00:00,4898.294921875
2018-09-01 11:00:00,5171.1123046875
2018-09-01 12:00:00,5368.84326171875
2018-09-01 13:00:00,5521.8046875
2018-09-01 14:00:00,5628.6796875
2018-09-01 15:00:00,5698.0009765625
2018-09-01 16:00:00,5749.60595703125
2018-09-01 17:00:00,5815.9599609375
2018-09-01 18:00:00,5842.43115234375
2018-09-01 19:00:00,5730.5693359375
2018-09-01 20:00:00,5625.0205078125
2018-09-01 21:00:00,5540.33837890625
2018-09-01 22:00:00,5320.75634765625
2018-09-01 23:00:00,4982.38818359375
2018-09-02 00:00:00,4584.0029296875
