Forecast_Day,Start_Datetime,End_Datetime,Average_Forecast_MW,Minimum_Forecast_MW,Maximum_Forecast_MW
1,2018-08-03 01:00:00,2018-08-04,5796.32,4552.35,6841.5
2,2018-08-04 01:00:00,2018-08-05,5314.51,4188.5,6318.39
3,2018-08-05 01:00:00,2018-08-06,5120.95,3949.1,6266.1
4,2018-08-06 01:00:00,2018-08-07,5767.04,4209.66,7105.13
5,2018-08-07 01:00:00,2018-08-08,5965.58,4477.78,7250.28
6,2018-08-08 01:00:00,2018-08-09,5973.83,4520.44,7183.3
7,2018-08-09 01:00:00,2018-08-10,5934.75,4476.75,7181.43
8,2018-08-10 01:00:00,2018-08-11,5736.85,4473.07,6858.72
9,2018-08-11 01:00:00,2018-08-12,5175.07,4206.0,6024.01
10,2018-08-12 01:00:00,2018-08-13,4948.8,3902.18,5941.07
11,2018-08-13 01:00:00,2018-08-14,5388.65,4045.7,6492.39
12,2018-08-14 01:00:00,2018-08-15,5559.94,4194.08,6734.43
13,2018-08-15 01:00:00,2018-08-16,5688.78,4313.08,6886.82
14,2018-08-16 01:00:00,2018-08-17,5764.4,4377.49,7015.94
15,2018-08-17 01:00:00,2018-08-18,5677.35,4387.94,6872.79
16,2018-08-18 01:00:00,2018-08-19,5211.71,4139.03,6214.84
17,2018-08-19 01:00:00,2018-08-20,5090.77,3908.29,6271.36
18,2018-08-20 01:00:00,2018-08-21,5692.51,4214.92,6970.77
19,2018-08-21 01:00:00,2018-08-22,5825.16,4384.59,7100.72
20,2018-08-22 01:00:00,2018-08-23,5893.93,4398.73,7229.4
21,2018-08-23 01:00:00,2018-08-24,5929.18,4465.44,7178.08
22,2018-08-24 01:00:00,2018-08-25,5770.12,4451.38,6946.52
23,2018-08-25 01:00:00,2018-08-26,5211.51,4142.38,6201.3
24,2018-08-26 01:00:00,2018-08-27,5015.17,3881.8,6249.44
25,2018-08-27 01:00:00,2018-08-28,5547.88,4075.74,6825.13
26,2018-08-28 01:00:00,2018-08-29,5646.39,4320.71,6785.57
27,2018-08-29 01:00:00,2018-08-30,5653.84,4309.06,6835.11
28,2018-08-30 01:00:00,2018-08-31,5705.32,4307.02,6925.28
29,2018-08-31 01:00:00,2018-09-01,5581.02,4307.33,6726.06
30,2018-09-01 01:00:00,2018-09-02,4984.58,4001.9,5842.43
